,rs515071,rs516946,rs3211931,rs1358337,rs34160967,rs4245926,rs3204145,rs3814,rs219320,rs1758743,rs2834778,rs7173511,rs1934709,rs10058233,rs728727,rs1416819,phenotype
1.txt,AA,CC,CC,GA,GG,GA,TT,TC,GA,GG,AA,CT,TT,TT,TT,AA,roll
2.txt,AA,TT,CC,GG,GA,AA,AA,TC,AA,GG,GG,TT,TT,TT,TT,AA,non_roll
3.txt,GG,TT,CC,GG,GG,GG,AA,TT,GG,AA,GG,CC,CC,TT,CC,AA,non_roll
4.txt,GG,TT,CC,GG,GG,GG,AA,TT,GG,AA,GA,CC,CC,TT,CC,AA,non_roll
5.txt,AA,TC,CT,GA,GG,AA,AA,TT,AA,GG,GG,TT,TT,TT,CT,AA,non_roll
6.txt,GG,TT,CC,GG,GG,GG,AA,TT,GG,AA,GA,CC,CC,TT,CC,AA,non_roll
7.txt,AA,CC,CT,GA,GG,AA,AA,CC,AA,GG,GA,TT,TT,TC,TT,AA,non_roll
8.txt,GG,TT,CC,GG,GG,GG,AA,TT,GG,AA,GA,CC,CC,TT,CC,AA,non_roll
9.txt,GG,TT,CC,GG,GG,GG,AA,TT,GG,AA,GG,CC,CC,TT,CC,AA,non_roll
10.txt,AA,TC,CC,GA,GG,GA,AT,TT,GA,GG,GA,CT,TT,TC,CT,AA,non_roll
11.txt,AA,TC,CT,GA,GG,GA,AT,TC,AA,GG,GG,CT,CC,TC,CC,AA,non_roll
12.txt,AA,TC,CC,GG,GG,AA,AT,TC,GA,GG,GG,TT,CT,TC,CT,AC,non_roll
13.txt,GG,TT,CC,GG,GG,GG,AA,TT,GG,AA,GA,CC,CC,TT,CC,AA,non_roll
14.txt,AG,TT,CC,GG,GA,GG,AA,TT,GG,AA,GG,CC,CC,TT,CC,AA,non_roll
15.txt,AA,CC,CC,GG,GG,GA,AT,TC,AA,GG,GG,CT,TT,TC,TT,AA,non_roll
16.txt,AA,CC,CT,GA,GG,AA,AA,TC,AA,GG,GG,CT,CT,TT,CT,AA,non_roll
17.txt,AG,TT,CC,GG,GG,GG,AA,TT,GG,AA,GG,CC,CC,TT,CC,AA,non_roll
18.txt,AG,TT,CC,GG,GG,GG,AA,TT,GG,AA,GG,CC,CC,TT,CC,AA,non_roll
19.txt,AA,CC,TT,GA,GG,GA,AA,CC,AA,GG,GG,CT,TT,TC,CT,AA,non_roll
20.txt,AG,TC,TT,GG,GG,GG,AA,TT,GG,AA,GG,CC,CC,TT,CC,AA,non_roll
21.txt,AA,CC,CT,AA,GG,AA,AA,TT,GG,GG,GA,TT,CT,TT,CC,AA,non_roll
22.txt,AA,TT,CT,GA,GG,AA,AA,TC,AA,GG,GA,TT,TT,TC,CC,AA,non_roll
23.txt,AA,TT,CT,GA,GG,AA,AA,TC,AA,GG,GG,TT,TT,TC,TT,AA,non_roll
24.txt,AA,CC,TT,GA,GA,AA,TT,CC,AA,GG,AA,TT,TT,TT,TT,AC,non_roll
25.txt,AA,TT,TT,GA,GG,AA,AA,TC,AA,GG,GG,TT,TT,CC,TT,AA,non_roll
26.txt,AA,TT,CC,GG,GG,GG,AA,TT,GG,GG,GG,CC,CC,CC,CC,AA,non_roll
27.txt,AA,CC,CT,GA,GG,GA,AT,TT,AA,GG,GG,CT,CT,TC,TT,AA,non_roll
28.txt,AA,TC,CC,GA,GG,AA,AA,CC,AA,GG,GG,TT,TT,TT,CC,AA,non_roll
29.txt,AA,TC,CC,GG,GG,GA,AA,CC,AA,GG,GG,CT,TT,TC,TT,AA,non_roll
30.txt,AA,CC,TT,GA,GG,AA,AA,CC,AA,GG,GG,CT,CT,TC,TT,AA,non_roll
31.txt,AA,TC,CT,GA,GG,GA,AA,TC,AA,GG,GG,TT,TT,TT,CT,AA,non_roll
32.txt,GG,TT,CC,GG,GG,GG,AA,TT,GG,AA,GG,CC,CC,TT,CC,AA,non_roll
33.txt,AA,TT,CC,GG,GG,GG,AA,TT,GG,AA,GG,CC,CC,TT,CC,AA,non_roll
34.txt,AA,CC,CC,GG,GG,AA,AA,TT,AA,GG,GG,TT,TT,CC,CT,AA,non_roll
35.txt,AA,TT,CC,GG,GG,GG,AA,TT,GG,AA,GA,CC,CC,TT,CC,AA,non_roll
36.txt,AA,CC,CT,GA,GG,AA,AA,TT,AA,GG,GG,TT,TT,TT,CC,AA,non_roll
37.txt,AA,CC,CC,GG,GG,GA,AA,TT,AA,GG,GA,CT,CT,TT,TT,AA,non_roll
38.txt,AA,TC,CT,GA,GA,AA,AT,TC,AA,GG,GG,CT,TT,TT,TT,AA,non_roll
39.txt,GG,TT,CC,GG,GG,GG,AA,TT,GG,AA,GA,CC,CC,TT,CC,AA,non_roll
40.txt,GG,TT,CC,GG,GG,GG,AA,TT,GG,AA,GA,CC,CC,TT,CC,AA,non_roll
41.txt,AA,TT,CC,GG,GG,GG,AA,TT,GG,AA,GA,CC,CC,TT,CC,AA,non_roll
42.txt,AG,TT,CC,GG,GG,GG,AA,TT,GG,AA,GG,CC,CC,TT,CC,AA,non_roll
43.txt,AA,TC,CC,GG,GG,GA,AA,CC,AA,GG,GG,TT,CT,CC,CT,AA,non_roll
44.txt,AG,TT,CC,GG,GG,GG,AA,TT,GG,AA,GG,CC,CC,TT,CC,AA,non_roll
45.txt,AG,TT,CC,GG,GG,GG,AA,TT,GG,AA,GG,CC,CC,TT,CC,CC,non_roll
46.txt,AG,TT,CC,GG,GA,GG,AA,TT,GG,AA,GA,CC,CC,TT,CC,AA,non_roll
47.txt,AG,TT,CC,GG,GG,GG,AA,TT,GG,AA,GG,CC,CC,TT,CC,AC,non_roll
48.txt,AA,TT,CC,GG,GG,GG,AA,TT,GG,GG,GG,CC,CC,TT,CC,AA,non_roll
49.txt,GG,TT,CC,GG,GG,GG,AA,TT,GG,AA,GG,CC,CC,TT,CC,AC,non_roll
50.txt,GG,TT,CC,GG,GA,GG,AA,TT,GG,AA,GG,CC,CC,TT,CC,AA,non_roll
51.txt,AG,TT,CC,GG,GA,GG,AA,TT,GG,AA,GG,CC,CC,TT,CC,AA,non_roll
52.txt,AA,TC,CC,AA,AA,AA,AA,TC,AA,GG,GA,TT,TT,TT,CC,AA,non_roll
53.txt,GG,TT,CC,GG,GG,GG,AA,TT,GG,AA,GG,CC,CC,TT,CC,AA,non_roll
54.txt,GG,TT,CC,GG,GG,GG,AA,TT,GG,AA,GA,CC,CC,TT,CC,AA,non_roll
55.txt,AA,TT,CC,GG,GG,GG,AA,TT,GG,AA,GA,CC,CC,TT,CC,AA,non_roll
56.txt,AG,TT,CC,GG,GG,GG,AA,TT,GG,AA,AA,CC,CC,TT,CC,AA,non_roll
57.txt,GG,TT,CC,GG,GG,GG,AA,TT,GG,AA,GG,CC,CC,TT,CC,AA,non_roll
58.txt,AG,CC,TT,GG,GG,GG,AA,TT,GG,AA,GG,CC,CC,TT,CC,AA,non_roll
59.txt,AG,TT,CC,GG,GG,GG,AA,TT,GG,AA,GA,CC,CC,TT,CC,AA,non_roll
60.txt,AA,CC,CT,GA,GG,AA,AA,TT,AA,GG,GG,CT,TT,TT,CT,AC,non_roll
61.txt,GG,CC,CT,GG,GG,GG,AA,TT,GG,AA,GG,CC,CC,TT,CC,AA,roll
62.txt,AA,TT,CC,AA,GG,GA,AT,TC,AA,GG,GG,TT,TT,TC,CT,AC,roll
63.txt,AA,CC,CC,GG,GG,AA,AT,CC,AA,GG,GG,TT,TT,TC,TT,AC,roll
64.txt,AA,TC,CT,GA,GA,AA,AA,TT,AA,GG,GA,CC,TT,TT,CT,AA,roll
65.txt,AA,TT,CC,GG,GG,GG,AA,TT,GG,GG,GG,CC,CC,TC,CC,AA,roll
66.txt,AA,CC,CT,GA,GG,AA,AA,TT,AA,GG,GA,TT,CT,TT,TT,AA,roll
67.txt,AA,TC,CT,GA,GG,AA,AA,TC,AA,GG,GA,CT,CT,TC,CC,AA,roll
68.txt,AA,TT,CT,AA,GG,AA,AT,TC,GA,GG,GG,TT,TT,TC,CT,AA,roll
69.txt,AA,CC,TT,AA,GG,AA,AA,TT,GA,GG,GG,TT,TT,TT,CC,AC,roll
70.txt,AA,CC,CC,GG,GA,GG,AT,TC,AA,GG,GA,TT,TT,CC,TT,AC,roll
71.txt,AA,CC,CC,AA,GG,AA,AT,TT,AA,GG,GA,TT,TT,TC,CT,AA,roll
72.txt,AA,TC,CC,GG,GG,AA,AA,CC,AA,GG,GA,CT,TT,TT,TT,AA,roll
73.txt,AA,TT,CC,GG,GG,GG,AA,TT,GG,AA,GG,CC,CC,TT,CC,AA,roll
74.txt,AA,TC,CC,GG,GG,AA,AA,TC,AA,GG,AA,CT,TT,TC,CC,AC,roll
75.txt,AA,CC,CT,GA,GG,AA,AT,TC,AA,GG,GA,TT,CT,TT,CT,AA,roll
76.txt,AA,CC,TT,GA,GG,AA,AA,TC,AA,GG,GG,CT,TT,TT,CT,AC,roll
77.txt,AA,CC,CT,GA,GG,AA,AT,TC,GA,GG,GG,CT,CT,TC,CT,AA,roll
78.txt,AA,TT,CC,GG,GG,GG,AA,TT,GG,GG,GA,CC,CC,TC,CC,AC,roll
79.txt,AA,TT,CC,GG,GG,GG,AA,TT,GG,GG,GA,CC,CC,TT,CC,AA,roll
80.txt,AA,TC,CT,GA,GG,AA,AA,TC,AA,GG,GG,TT,TT,TC,CT,AA,roll
81.txt,AA,CC,TT,GA,GG,GA,AA,CC,AA,GG,GG,TT,CT,CC,TT,AA,roll
82.txt,AA,TC,CC,GG,GG,AA,AA,TT,AA,GG,GG,CT,TT,TC,TT,AA,roll
83.txt,AA,CC,CC,GA,GA,AA,AA,TC,AA,GG,GA,TT,CT,TC,CT,AA,roll
84.txt,AA,CC,CC,GA,GG,AA,AT,TC,AA,GG,GG,TT,TT,TC,TT,CC,roll
85.txt,AA,TC,CC,AA,GA,AA,AA,CC,AA,GG,AA,TT,CT,TC,TT,AC,roll
86.txt,AA,CC,CT,GA,GG,AA,AA,TT,AA,GG,GG,CT,TT,TC,CT,AA,roll
87.txt,AA,TC,CC,GA,GA,GA,AA,TT,AA,GG,GA,TT,CT,CC,TT,AA,roll
88.txt,AA,CC,CC,GG,GG,AA,AT,TC,AA,GG,GA,CT,TT,CC,TT,AA,roll
89.txt,AA,CC,CT,AA,GG,GA,AT,CC,AA,GG,GG,TT,TT,TC,CT,AA,roll
90.txt,AA,TC,CC,GG,GG,AA,AT,CC,AA,GG,GG,CC,TT,TC,CC,AA,roll
91.txt,AA,CC,TT,GA,GG,AA,AA,CC,AA,GG,GA,TT,TT,TT,CT,AC,roll
92.txt,AA,TC,CT,GA,GG,GA,AA,CC,GA,GG,GG,TT,TT,TC,CT,AA,roll
93.txt,AA,CC,TT,AA,GG,AA,AT,CC,GA,GG,GG,CT,TT,TC,CC,AA,roll
94.txt,AA,CC,CT,GA,GG,GA,AA,TC,AA,GG,GG,CT,CT,TC,CT,AA,roll
95.txt,AA,CC,CC,GG,GG,AA,AA,TC,AA,GG,GA,CT,TT,CC,TT,AA,roll
96.txt,AA,TC,CC,AA,GG,AA,AA,CC,AA,GG,GG,CT,TT,TC,CT,AA,roll
97.txt,AA,TC,CT,GA,GG,AA,AA,TC,AA,GG,GA,CT,CT,TT,CT,AA,roll
98.txt,AA,TC,CC,GG,GG,AA,AA,TC,AA,GG,GA,TT,CT,TC,CC,AA,roll
99.txt,AA,CC,TT,AA,GG,AA,AA,TC,AA,GG,GA,TT,TT,TC,CC,AA,roll
100.txt,AA,TC,CC,GG,GA,GA,AA,CC,AA,GG,GA,TT,TT,TT,CC,AA,roll
101.txt,AA,TC,CT,GG,GA,AA,AT,TC,AA,GG,GA,TT,TT,TT,CT,AA,roll
102.txt,AA,CC,CC,GG,GA,AA,AA,CC,GA,GG,GA,CT,CT,TT,CC,AA,roll
103.txt,AA,TC,TT,GA,GG,AA,AA,CC,AA,GG,GG,CT,TT,TC,CT,AA,roll
104.txt,AA,TT,CT,AA,GG,AA,AA,TC,GA,GG,GA,TT,TT,TC,CC,AA,roll
105.txt,AA,TC,CT,GA,GA,GA,AT,TC,GA,GG,GG,TT,TT,TC,CT,AC,roll
106.txt,AA,TT,TT,GA,GG,AA,AA,TC,AA,GG,AA,TT,TT,TC,CT,AC,roll
107.txt,AA,CC,CT,AA,GG,AA,AA,TT,GA,GG,GA,TT,TT,TC,TT,AC,roll
108.txt,AA,CC,CT,GA,GA,AA,AA,TC,AA,GG,GG,TT,TT,TT,CT,AA,roll
109.txt,AA,CC,CT,GA,GA,AA,AT,TC,AA,GG,GG,CT,TT,TC,TT,AA,roll
110.txt,AA,CC,CT,GA,GG,AA,AA,TC,AA,GG,AA,TT,TT,TC,CT,AA,roll
111.txt,AA,TC,CT,GA,GG,AA,AT,TC,AA,GG,GG,TT,CT,TC,CT,AA,roll
112.txt,AA,CC,CC,GG,AA,AA,AA,TC,GA,GG,GA,CT,TT,TT,CT,AC,roll
113.txt,AA,TC,TT,GA,GG,GA,AA,TC,AA,GG,GG,CT,TT,TC,CT,AA,roll
114.txt,AA,TC,TT,GA,GA,GA,AT,TT,GA,GG,GG,TT,TT,TC,CC,AA,roll
115.txt,AA,CC,TT,AA,GA,AA,AT,TT,AA,GG,GG,TT,CT,TC,CC,AA,roll
116.txt,AA,TC,CT,GA,GG,GA,AT,TT,AA,GG,GA,TT,CT,TT,TT,AA,roll
117.txt,AA,CC,TT,GA,GG,AA,AA,CC,GA,GG,GA,TT,TT,TC,TT,AA,roll
118.txt,AA,CC,TT,GG,GG,AA,AA,TT,AA,GG,GG,TT,TT,TC,CT,AC,roll
119.txt,AA,TT,CC,GG,GG,AA,AA,CC,AA,GG,GG,TT,CT,TT,TT,AA,roll
120.txt,AA,TC,CT,GA,GG,AA,AA,TT,AA,GG,GG,CC,TT,TT,CT,AA,roll
121.txt,AA,CC,CT,AA,GG,AA,AA,TC,GA,GG,GG,TT,TT,CC,CT,AA,roll
122.txt,AA,TC,CT,AA,GG,AA,AT,TT,AA,GG,GA,CT,CT,TT,CT,AC,roll
123.txt,AA,TC,CT,AA,GG,AA,AT,TC,GA,GG,GG,CC,TT,TC,CC,AC,roll
124.txt,AA,CC,CT,GA,GG,AA,AT,TC,AA,GG,GG,CC,TT,TC,CC,AC,roll
125.txt,AA,TT,CT,GG,GA,AA,AT,TT,AA,GG,GA,TT,CT,TT,CT,AA,roll
126.txt,AA,TT,TT,AA,GG,AA,AT,TT,AA,GG,GA,CT,TT,TT,TT,CC,roll
127.txt,AA,TC,CC,GG,GG,AA,AA,TC,AA,GG,GA,TT,TT,TC,CT,AA,roll
128.txt,AA,CC,TT,GG,GG,AA,AA,CC,AA,GG,GG,CT,TT,TT,TT,AC,roll
129.txt,AA,CC,CT,AA,GG,GA,AA,TT,GG,GG,GG,TT,TT,TC,TT,AC,roll
130.txt,AA,CC,CC,GA,GG,AA,AA,CC,GA,GG,GG,TT,TT,TT,CT,AC,roll
131.txt,AA,CC,CT,GA,GA,AA,AT,CC,AA,GG,GG,CT,TT,TC,TT,AA,roll
132.txt,AA,CC,CT,GG,GG,AA,AT,CC,GA,GG,GA,CT,CT,TT,CT,AA,roll
133.txt,AA,CC,CT,GA,GA,AA,AA,TT,AA,GG,GA,TT,TT,TC,TT,AC,roll
134.txt,AA,CC,CT,GG,GG,AA,AA,TC,AA,GG,GA,CC,TT,TT,CT,AA,roll
135.txt,AA,CC,CT,GG,GG,AA,AT,TC,AA,GG,GG,TT,TT,TC,CC,AA,roll
136.txt,AA,TC,CC,GG,GA,AA,AT,CC,AA,GG,GG,CC,TT,CC,CT,AA,roll
137.txt,AA,TT,CC,GG,GG,GG,AA,TT,GG,GG,GG,CC,CC,TC,CC,AA,roll
138.txt,AA,TC,CC,GG,GG,AA,AA,TC,AA,GG,GA,TT,TT,TT,TT,AC,roll
139.txt,AA,TC,CT,GA,GG,AA,AT,TC,GA,GG,GG,CT,TT,TT,CT,AA,roll
140.txt,AA,TC,CC,GG,GG,GA,AA,CC,AA,GG,AA,CC,TT,TT,CT,AC,roll
141.txt,AA,TC,CT,GA,GG,AA,AA,TC,AA,GG,GG,CC,TT,TT,CC,AA,roll
142.txt,AA,TT,CT,GA,GG,AA,AT,TC,GA,GG,GG,TT,TT,CC,TT,AA,roll
143.txt,AA,TT,CT,AA,GG,AA,AT,CC,AA,GG,GG,CT,TT,TC,TT,AA,roll
144.txt,AA,CC,CT,GA,GG,AA,AA,TC,GA,GG,GG,CT,TT,CC,CT,AC,roll
145.txt,AA,CC,CT,GA,GA,GA,AT,TC,AA,GG,GA,TT,TT,TC,TT,AA,roll
146.txt,AA,CC,CT,GA,GA,GA,AA,TT,GA,GG,GG,CT,TT,TC,CC,AA,roll
147.txt,AA,CC,TT,AA,GG,AA,AA,CC,AA,GG,GA,CT,CT,CC,TT,AA,roll
148.txt,AA,CC,CT,GA,GG,GA,AA,TT,AA,GG,GA,TT,TT,TC,CT,CC,roll
149.txt,AA,CC,CT,GA,GG,GA,AA,CC,AA,GG,GA,TT,TT,TC,CT,AA,roll
150.txt,AA,TT,CC,GG,GG,GG,AA,TT,GG,AA,GG,CC,CC,TT,CC,AA,roll
151.txt,AA,CC,CC,GG,GG,AA,AA,TC,GA,GG,GG,TT,TT,TC,CT,AA,roll
152.txt,AA,CC,CT,GA,GG,AA,AT,TT,GA,GG,GA,TT,CT,TT,CT,AA,roll
153.txt,AG,TT,CC,GG,GA,GG,AA,TT,GG,AA,GG,CC,CC,TT,CC,AA,roll
154.txt,GG,TT,CC,GG,GA,GG,AA,TT,GG,AA,GG,CC,CC,TT,CC,AA,roll
155.txt,AA,TT,CC,GG,GG,GG,AA,TT,GG,AA,GG,CC,CC,TT,CC,CC,roll
156.txt,GG,TT,CC,GG,GG,GG,AA,TT,GG,AA,GA,CC,CC,TT,CC,AA,roll
157.txt,GG,TT,CC,GG,GG,GG,AA,TT,GG,AA,GA,CC,CC,TT,CC,AC,roll
158.txt,GG,TT,CC,GG,GG,GG,AA,TT,GG,AA,GG,CC,CC,TT,CC,AC,roll
159.txt,GG,TT,CC,GG,GG,GG,AA,TT,GG,AA,AA,CC,CC,TT,CC,AC,roll
160.txt,AG,TT,CC,GG,GG,GG,AA,TT,GG,AA,GG,CC,CC,TT,CC,AC,roll
161.txt,AG,TT,CC,GG,GG,GG,AA,TT,GG,AA,GA,CC,CC,TT,CC,AA,roll
162.txt,AG,TT,CC,GG,GG,GG,AA,TT,GG,AA,GA,CC,CC,TT,CC,AA,roll
163.txt,GG,TT,CC,GG,GA,GG,AA,TT,GG,AA,GG,CC,CC,TT,CC,AC,roll
164.txt,AG,TT,CC,GG,GG,GG,AA,TT,GG,AA,GG,CC,CC,TT,CC,AA,roll
165.txt,AA,CC,CT,GA,GG,AA,AA,CC,AA,GG,GG,TT,CT,TC,CT,AA,roll
166.txt,AG,TT,CC,GG,GG,GG,AA,TT,GG,AA,GG,CC,CC,TT,CC,AA,roll
167.txt,GG,TT,CC,GG,GG,GG,AA,TT,GG,AA,GG,CC,CC,TT,CC,AA,roll
168.txt,AA,CC,CT,GG,GG,AA,AT,TC,GG,GG,AA,TT,TT,TC,CC,AA,roll
169.txt,GG,TT,CC,GG,GG,GG,AA,TT,GG,AA,GA,CC,CC,TT,CC,AA,roll
170.txt,GG,TT,CC,GG,GA,GG,AA,TT,GG,AA,GG,CC,CC,TT,CC,AA,roll
171.txt,GG,TT,CC,GG,GG,GG,AA,TT,GG,AA,GA,CC,CC,TT,CC,AA,roll
172.txt,AG,TT,CC,GG,GG,GG,AA,TT,GG,AA,GA,CC,CC,TT,CC,AA,roll
173.txt,AA,CC,CT,GA,GG,AA,TT,CC,AA,GG,GG,TT,CT,TC,TT,AC,roll
174.txt,AA,TT,CC,GG,GG,GG,AA,TT,GG,AA,GG,CC,CC,TT,CC,AA,roll
175.txt,AG,TT,CC,GG,GA,GG,AA,TT,GG,AA,GA,CC,CC,TT,CC,AA,roll
176.txt,GG,TT,CC,GG,GA,GG,AA,TT,GG,AA,GA,CC,CC,TT,CC,AA,roll
177.txt,AA,TT,CC,GG,GG,GG,AA,TT,GG,AA,GG,CC,CC,TT,CC,AA,roll
178.txt,AA,TT,CC,GG,GG,GG,AA,TT,GG,AA,GG,CC,CC,TT,CC,AA,roll
179.txt,GG,TT,CC,GG,GG,GG,AA,TT,GG,AA,GG,CC,CC,TT,CC,AA,roll
180.txt,AG,TT,CC,GG,GA,GG,AA,TT,GG,AA,GA,CC,CC,TT,CC,AA,roll
